Workbook

Sheet V2026
A1: Szám | B1: TISZA | C1: Mi Hazánk | D1: FIDESZ-KDNP | H1: Helyezés | I1: Párt | J1: Osztó | K1: Hányados | M1: Párt | N1: Mandátum | P1: Párt | Q1: Mandátum
A2: Szavazat / 1 | B2: 4750792 | C2: 703975 | D2: 4440234 | E2: 1 | H2: 1 | I2: =IF(COUNTIF($B$2:$B$94,K2)>0,"TISZA",IF(COUNTIF($C$2:$C$94,K2)>0,"Mi Hazánk","FIDESZ-KDNP")) -> TISZA | J2: =IF(I2="TISZA",$B$2/K2,IF(I2="Mi Hazánk",$C$2/K2,$D$2/K2)) -> 1 | K2: =LARGE($B$2:$D$94,H2) -> 4750792 | M2: TISZA | N2: =COUNTIF($I$2:$I$94,M2) -> 45 | P2: TISZA | Q2: ='Level-Nelkul'!N2 -> 46
A3: Szavazat / 2 | B3: =B$2/$E3 -> 2375396 | C3: =C$2/$E3 -> 351987.5 | D3: =D$2/$E3 -> 2220117 | E3: 2 | H3: 2 | I3: =IF(COUNTIF($B$2:$B$94,K3)>0,"TISZA",IF(COUNTIF($C$2:$C$94,K3)>0,"Mi Hazánk","FIDESZ-KDNP")) -> FIDESZ-KDNP | J3: =IF(I3="TISZA",$B$2/K3,IF(I3="Mi Hazánk",$C$2/K3,$D$2/K3)) -> 1 | K3: =LARGE($B$2:$D$94,H3) -> 4440234 | M3: Mi Hazánk | N3: =COUNTIF($I$2:$I$94,M3) -> 6 | P3: Mi Hazánk | Q3: ='Level-Nelkul'!N3 -> 6
A4: Szavazat / 3 | B4: =B$2/$E4 -> 1583597.3 | C4: =C$2/$E4 -> 234658.33 | D4: =D$2/$E4 -> 1480078 | E4: 3 | H4: 3 | I4: =IF(COUNTIF($B$2:$B$94,K4)>0,"TISZA",IF(COUNTIF($C$2:$C$94,K4)>0,"Mi Hazánk","FIDESZ-KDNP")) -> TISZA | J4: =IF(I4="TISZA",$B$2/K4,IF(I4="Mi Hazánk",$C$2/K4,$D$2/K4)) -> 2 | K4: =LARGE($B$2:$D$94,H4) -> 2375396 | M4: FIDESZ-KDNP | N4: =COUNTIF($I$2:$I$94,M4) -> 42 | P4: FIDESZ-KDNP | Q4: ='Level-Nelkul'!N4 -> 41
A5: Szavazat / 4 | B5: =B$2/$E5 -> 1187698 | C5: =C$2/$E5 -> 175993.75 | D5: =D$2/$E5 -> 1110058.5 | E5: 4 | H5: 4 | I5: =IF(COUNTIF($B$2:$B$94,K5)>0,"TISZA",IF(COUNTIF($C$2:$C$94,K5)>0,"Mi Hazánk","FIDESZ-KDNP")) -> FIDESZ-KDNP | J5: =IF(I5="TISZA",$B$2/K5,IF(I5="Mi Hazánk",$C$2/K5,$D$2/K5)) -> 2 | K5: =LARGE($B$2:$D$94,H5) -> 2220117 | M5: Összesen | N5: =SUM(N2:N4) -> 93 | P5: Összesen | Q5: ='Level-Nelkul'!N5 -> 93
A6: Szavazat / 5 | B6: =B$2/$E6 -> 950158.4 | C6: =C$2/$E6 -> 140795 | D6: =D$2/$E6 -> 888046.8 | E6: 5 | H6: 5 | I6: =IF(COUNTIF($B$2:$B$94,K6)>0,"TISZA",IF(COUNTIF($C$2:$C$94,K6)>0,"Mi Hazánk","FIDESZ-KDNP")) -> TISZA | J6: =IF(I6="TISZA",$B$2/K6,IF(I6="Mi Hazánk",$C$2/K6,$D$2/K6)) -> 3 | K6: =LARGE($B$2:$D$94,H6) -> 1583597.3 | M6: Végeredmény | P6: Levélszavazatok nélkül
A7: Szavazat / 6 | B7: =B$2/$E7 -> 791798.67 | C7: =C$2/$E7 -> 117329.17 | D7: =D$2/$E7 -> 740039 | E7: 6 | H7: 6 | I7: =IF(COUNTIF($B$2:$B$94,K7)>0,"TISZA",IF(COUNTIF($C$2:$C$94,K7)>0,"Mi Hazánk","FIDESZ-KDNP")) -> FIDESZ-KDNP | J7: =IF(I7="TISZA",$B$2/K7,IF(I7="Mi Hazánk",$C$2/K7,$D$2/K7)) -> 3 | K7: =LARGE($B$2:$D$94,H7) -> 1480078
A8: Szavazat / 7 | B8: =B$2/$E8 -> 678684.57 | C8: =C$2/$E8 -> 100567.86 | D8: =D$2/$E8 -> 634319.14 | E8: 7 | H8: 7 | I8: =IF(COUNTIF($B$2:$B$94,K8)>0,"TISZA",IF(COUNTIF($C$2:$C$94,K8)>0,"Mi Hazánk","FIDESZ-KDNP")) -> TISZA | J8: =IF(I8="TISZA",$B$2/K8,IF(I8="Mi Hazánk",$C$2/K8,$D$2/K8)) -> 4 | K8: =LARGE($B$2:$D$94,H8) -> 1187698 | M8: Szám | N8: TISZA | O8: Mi Hazánk | Q8: FIDESZ-KDNP
A9: Szavazat / 8 | B9: =B$2/$E9 -> 593849 | C9: =C$2/$E9 -> 87996.875 | D9: =D$2/$E9 -> 555029.25 | E9: 8 | H9: 8 | I9: =IF(COUNTIF($B$2:$B$94,K9)>0,"TISZA",IF(COUNTIF($C$2:$C$94,K9)>0,"Mi Hazánk","FIDESZ-KDNP")) -> FIDESZ-KDNP | J9: =IF(I9="TISZA",$B$2/K9,IF(I9="Mi Hazánk",$C$2/K9,$D$2/K9)) -> 4 | K9: =LARGE($B$2:$D$94,H9) -> 1110058.5 | M9: Szavazat / 1 | N9: =B2 -> 4750792 | O9: =C2 -> 703975 | Q9: =D2 -> 4440234
A10: Szavazat / 9 | B10: =B$2/$E10 -> 527865.78 | C10: =C$2/$E10 -> 78219.444 | D10: =D$2/$E10 -> 493359.33 | E10: 9 | H10: 9 | I10: =IF(COUNTIF($B$2:$B$94,K10)>0,"TISZA",IF(COUNTIF($C$2:$C$94,K10)>0,"Mi Hazánk","FIDESZ-KDNP")) -> TISZA | J10: =IF(I10="TISZA",$B$2/K10,IF(I10="Mi Hazánk",$C$2/K10,$D$2/K10)) -> 5 | K10: =LARGE($B$2:$D$94,H10) -> 950158.4 | M10: Végeredmény
A11: Szavazat / 10 | B11: =B$2/$E11 -> 475079.2 | C11: =C$2/$E11 -> 70397.5 | D11: =D$2/$E11 -> 444023.4 | E11: 10 | H11: 10 | I11: =IF(COUNTIF($B$2:$B$94,K11)>0,"TISZA",IF(COUNTIF($C$2:$C$94,K11)>0,"Mi Hazánk","FIDESZ-KDNP")) -> FIDESZ-KDNP | J11: =IF(I11="TISZA",$B$2/K11,IF(I11="Mi Hazánk",$C$2/K11,$D$2/K11)) -> 5 | K11: =LARGE($B$2:$D$94,H11) -> 888046.8 | M11: Szám | N11: TISZA | O11: Mi Hazánk | Q11: FIDESZ-KDNP
A12: Szavazat / 11 | B12: =B$2/$E12 -> 431890.18 | C12: =C$2/$E12 -> 63997.727 | D12: =D$2/$E12 -> 403657.64 | E12: 11 | H12: 11 | I12: =IF(COUNTIF($B$2:$B$94,K12)>0,"TISZA",IF(COUNTIF($C$2:$C$94,K12)>0,"Mi Hazánk","FIDESZ-KDNP")) -> TISZA | J12: =IF(I12="TISZA",$B$2/K12,IF(I12="Mi Hazánk",$C$2/K12,$D$2/K12)) -> 6 | K12: =LARGE($B$2:$D$94,H12) -> 791798.67 | M12: Szavazat / 1 | N12: ='Level-Nelkul'!B2 -> 4704310 | O12: ='Level-Nelkul'!C2 -> 698765 | Q12: ='Level-Nelkul'!D2 -> 4158206
A13: Szavazat / 12 | B13: =B$2/$E13 -> 395899.33 | C13: =C$2/$E13 -> 58664.583 | D13: =D$2/$E13 -> 370019.5 | E13: 12 | H13: 12 | I13: =IF(COUNTIF($B$2:$B$94,K13)>0,"TISZA",IF(COUNTIF($C$2:$C$94,K13)>0,"Mi Hazánk","FIDESZ-KDNP")) -> FIDESZ-KDNP | J13: =IF(I13="TISZA",$B$2/K13,IF(I13="Mi Hazánk",$C$2/K13,$D$2/K13)) -> 6 | K13: =LARGE($B$2:$D$94,H13) -> 740039 | M13: Levélszavazatok nélkül
A14: Szavazat / 13 | B14: =B$2/$E14 -> 365445.54 | C14: =C$2/$E14 -> 54151.923 | D14: =D$2/$E14 -> 341556.46 | E14: 13 | H14: 13 | I14: =IF(COUNTIF($B$2:$B$94,K14)>0,"TISZA",IF(COUNTIF($C$2:$C$94,K14)>0,"Mi Hazánk","FIDESZ-KDNP")) -> Mi Hazánk | J14: =IF(I14="TISZA",$B$2/K14,IF(I14="Mi Hazánk",$C$2/K14,$D$2/K14)) -> 1 | K14: =LARGE($B$2:$D$94,H14) -> 703975
A15: Szavazat / 14 | B15: =B$2/$E15 -> 339342.29 | C15: =C$2/$E15 -> 50283.929 | D15: =D$2/$E15 -> 317159.57 | E15: 14 | H15: 14 | I15: =IF(COUNTIF($B$2:$B$94,K15)>0,"TISZA",IF(COUNTIF($C$2:$C$94,K15)>0,"Mi Hazánk","FIDESZ-KDNP")) -> TISZA | J15: =IF(I15="TISZA",$B$2/K15,IF(I15="Mi Hazánk",$C$2/K15,$D$2/K15)) -> 7 | K15: =LARGE($B$2:$D$94,H15) -> 678684.57 | M15: Párt | N15: Mandátum
A16: Szavazat / 15 | B16: =B$2/$E16 -> 316719.47 | C16: =C$2/$E16 -> 46931.667 | D16: =D$2/$E16 -> 296015.6 | E16: 15 | H16: 15 | I16: =IF(COUNTIF($B$2:$B$94,K16)>0,"TISZA",IF(COUNTIF($C$2:$C$94,K16)>0,"Mi Hazánk","FIDESZ-KDNP")) -> FIDESZ-KDNP | J16: =IF(I16="TISZA",$B$2/K16,IF(I16="Mi Hazánk",$C$2/K16,$D$2/K16)) -> 7 | K16: =LARGE($B$2:$D$94,H16) -> 634319.14 | M16: TISZA | N16: 141
A17: Szavazat / 16 | B17: =B$2/$E17 -> 296924.5 | C17: =C$2/$E17 -> 43998.438 | D17: =D$2/$E17 -> 277514.62 | E17: 16 | H17: 16 | I17: =IF(COUNTIF($B$2:$B$94,K17)>0,"TISZA",IF(COUNTIF($C$2:$C$94,K17)>0,"Mi Hazánk","FIDESZ-KDNP")) -> TISZA | J17: =IF(I17="TISZA",$B$2/K17,IF(I17="Mi Hazánk",$C$2/K17,$D$2/K17)) -> 8 | K17: =LARGE($B$2:$D$94,H17) -> 593849 | M17: Mi Hazánk | N17: 6
A18: Szavazat / 17 | B18: =B$2/$E18 -> 279458.35 | C18: =C$2/$E18 -> 41410.294 | D18: =D$2/$E18 -> 261190.24 | E18: 17 | H18: 17 | I18: =IF(COUNTIF($B$2:$B$94,K18)>0,"TISZA",IF(COUNTIF($C$2:$C$94,K18)>0,"Mi Hazánk","FIDESZ-KDNP")) -> FIDESZ-KDNP | J18: =IF(I18="TISZA",$B$2/K18,IF(I18="Mi Hazánk",$C$2/K18,$D$2/K18)) -> 8 | K18: =LARGE($B$2:$D$94,H18) -> 555029.25 | M18: FIDESZ-KDNP | N18: 52
A19: Szavazat / 18 | B19: =B$2/$E19 -> 263932.89 | C19: =C$2/$E19 -> 39109.722 | D19: =D$2/$E19 -> 246679.67 | E19: 18 | H19: 18 | I19: =IF(COUNTIF($B$2:$B$94,K19)>0,"TISZA",IF(COUNTIF($C$2:$C$94,K19)>0,"Mi Hazánk","FIDESZ-KDNP")) -> TISZA | J19: =IF(I19="TISZA",$B$2/K19,IF(I19="Mi Hazánk",$C$2/K19,$D$2/K19)) -> 9 | K19: =LARGE($B$2:$D$94,H19) -> 527865.78 | M19: Összesen | N19: =SUM(N16:N18) -> 199
A20: Szavazat / 19 | B20: =B$2/$E20 -> 250041.68 | C20: =C$2/$E20 -> 37051.316 | D20: =D$2/$E20 -> 233696.53 | E20: 19 | H20: 19 | I20: =IF(COUNTIF($B$2:$B$94,K20)>0,"TISZA",IF(COUNTIF($C$2:$C$94,K20)>0,"Mi Hazánk","FIDESZ-KDNP")) -> FIDESZ-KDNP | J20: =IF(I20="TISZA",$B$2/K20,IF(I20="Mi Hazánk",$C$2/K20,$D$2/K20)) -> 9 | K20: =LARGE($B$2:$D$94,H20) -> 493359.33 | M20: Végeredmény
A21: Szavazat / 20 | B21: =B$2/$E21 -> 237539.6 | C21: =C$2/$E21 -> 35198.75 | D21: =D$2/$E21 -> 222011.7 | E21: 20 | H21: 20 | I21: =IF(COUNTIF($B$2:$B$94,K21)>0,"TISZA",IF(COUNTIF($C$2:$C$94,K21)>0,"Mi Hazánk","FIDESZ-KDNP")) -> TISZA | J21: =IF(I21="TISZA",$B$2/K21,IF(I21="Mi Hazánk",$C$2/K21,$D$2/K21)) -> 10 | K21: =LARGE($B$2:$D$94,H21) -> 475079.2
A22: Szavazat / 21 | B22: =B$2/$E22 -> 226228.19 | C22: =C$2/$E22 -> 33522.619 | D22: =D$2/$E22 -> 211439.71 | E22: 21 | H22: 21 | I22: =IF(COUNTIF($B$2:$B$94,K22)>0,"TISZA",IF(COUNTIF($C$2:$C$94,K22)>0,"Mi Hazánk","FIDESZ-KDNP")) -> FIDESZ-KDNP | J22: =IF(I22="TISZA",$B$2/K22,IF(I22="Mi Hazánk",$C$2/K22,$D$2/K22)) -> 10 | K22: =LARGE($B$2:$D$94,H22) -> 444023.4
A23: Szavazat / 22 | B23: =B$2/$E23 -> 215945.09 | C23: =C$2/$E23 -> 31998.864 | D23: =D$2/$E23 -> 201828.82 | E23: 22 | H23: 22 | I23: =IF(COUNTIF($B$2:$B$94,K23)>0,"TISZA",IF(COUNTIF($C$2:$C$94,K23)>0,"Mi Hazánk","FIDESZ-KDNP")) -> TISZA | J23: =IF(I23="TISZA",$B$2/K23,IF(I23="Mi Hazánk",$C$2/K23,$D$2/K23)) -> 11 | K23: =LARGE($B$2:$D$94,H23) -> 431890.18
A24: Szavazat / 23 | B24: =B$2/$E24 -> 206556.17 | C24: =C$2/$E24 -> 30607.609 | D24: =D$2/$E24 -> 193053.65 | E24: 23 | H24: 23 | I24: =IF(COUNTIF($B$2:$B$94,K24)>0,"TISZA",IF(COUNTIF($C$2:$C$94,K24)>0,"Mi Hazánk","FIDESZ-KDNP")) -> FIDESZ-KDNP | J24: =IF(I24="TISZA",$B$2/K24,IF(I24="Mi Hazánk",$C$2/K24,$D$2/K24)) -> 11 | K24: =LARGE($B$2:$D$94,H24) -> 403657.64
A25: Szavazat / 24 | B25: =B$2/$E25 -> 197949.67 | C25: =C$2/$E25 -> 29332.292 | D25: =D$2/$E25 -> 185009.75 | E25: 24 | H25: 24 | I25: =IF(COUNTIF($B$2:$B$94,K25)>0,"TISZA",IF(COUNTIF($C$2:$C$94,K25)>0,"Mi Hazánk","FIDESZ-KDNP")) -> TISZA | J25: =IF(I25="TISZA",$B$2/K25,IF(I25="Mi Hazánk",$C$2/K25,$D$2/K25)) -> 12 | K25: =LARGE($B$2:$D$94,H25) -> 395899.33
A26: Szavazat / 25 | B26: =B$2/$E26 -> 190031.68 | C26: =C$2/$E26 -> 28159 | D26: =D$2/$E26 -> 177609.36 | E26: 25 | H26: 25 | I26: =IF(COUNTIF($B$2:$B$94,K26)>0,"TISZA",IF(COUNTIF($C$2:$C$94,K26)>0,"Mi Hazánk","FIDESZ-KDNP")) -> FIDESZ-KDNP | J26: =IF(I26="TISZA",$B$2/K26,IF(I26="Mi Hazánk",$C$2/K26,$D$2/K26)) -> 12 | K26: =LARGE($B$2:$D$94,H26) -> 370019.5
A27: Szavazat / 26 | B27: =B$2/$E27 -> 182722.77 | C27: =C$2/$E27 -> 27075.962 | D27: =D$2/$E27 -> 170778.23 | E27: 26 | H27: 26 | I27: =IF(COUNTIF($B$2:$B$94,K27)>0,"TISZA",IF(COUNTIF($C$2:$C$94,K27)>0,"Mi Hazánk","FIDESZ-KDNP")) -> TISZA | J27: =IF(I27="TISZA",$B$2/K27,IF(I27="Mi Hazánk",$C$2/K27,$D$2/K27)) -> 13 | K27: =LARGE($B$2:$D$94,H27) -> 365445.54
A28: Szavazat / 27 | B28: =B$2/$E28 -> 175955.26 | C28: =C$2/$E28 -> 26073.148 | D28: =D$2/$E28 -> 164453.11 | E28: 27 | H28: 27 | I28: =IF(COUNTIF($B$2:$B$94,K28)>0,"TISZA",IF(COUNTIF($C$2:$C$94,K28)>0,"Mi Hazánk","FIDESZ-KDNP")) -> Mi Hazánk | J28: =IF(I28="TISZA",$B$2/K28,IF(I28="Mi Hazánk",$C$2/K28,$D$2/K28)) -> 2 | K28: =LARGE($B$2:$D$94,H28) -> 351987.5
A29: Szavazat / 28 | B29: =B$2/$E29 -> 169671.14 | C29: =C$2/$E29 -> 25141.964 | D29: =D$2/$E29 -> 158579.79 | E29: 28 | H29: 28 | I29: =IF(COUNTIF($B$2:$B$94,K29)>0,"TISZA",IF(COUNTIF($C$2:$C$94,K29)>0,"Mi Hazánk","FIDESZ-KDNP")) -> FIDESZ-KDNP | J29: =IF(I29="TISZA",$B$2/K29,IF(I29="Mi Hazánk",$C$2/K29,$D$2/K29)) -> 13 | K29: =LARGE($B$2:$D$94,H29) -> 341556.46
A30: Szavazat / 29 | B30: =B$2/$E30 -> 163820.41 | C30: =C$2/$E30 -> 24275 | D30: =D$2/$E30 -> 153111.52 | E30: 29 | H30: 29 | I30: =IF(COUNTIF($B$2:$B$94,K30)>0,"TISZA",IF(COUNTIF($C$2:$C$94,K30)>0,"Mi Hazánk","FIDESZ-KDNP")) -> TISZA | J30: =IF(I30="TISZA",$B$2/K30,IF(I30="Mi Hazánk",$C$2/K30,$D$2/K30)) -> 14 | K30: =LARGE($B$2:$D$94,H30) -> 339342.29
A31: Szavazat / 30 | B31: =B$2/$E31 -> 158359.73 | C31: =C$2/$E31 -> 23465.833 | D31: =D$2/$E31 -> 148007.8 | E31: 30 | H31: 30 | I31: =IF(COUNTIF($B$2:$B$94,K31)>0,"TISZA",IF(COUNTIF($C$2:$C$94,K31)>0,"Mi Hazánk","FIDESZ-KDNP")) -> FIDESZ-KDNP | J31: =IF(I31="TISZA",$B$2/K31,IF(I31="Mi Hazánk",$C$2/K31,$D$2/K31)) -> 14 | K31: =LARGE($B$2:$D$94,H31) -> 317159.57
A32: Szavazat / 31 | B32: =B$2/$E32 -> 153251.35 | C32: =C$2/$E32 -> 22708.871 | D32: =D$2/$E32 -> 143233.35 | E32: 31 | H32: 31 | I32: =IF(COUNTIF($B$2:$B$94,K32)>0,"TISZA",IF(COUNTIF($C$2:$C$94,K32)>0,"Mi Hazánk","FIDESZ-KDNP")) -> TISZA | J32: =IF(I32="TISZA",$B$2/K32,IF(I32="Mi Hazánk",$C$2/K32,$D$2/K32)) -> 15 | K32: =LARGE($B$2:$D$94,H32) -> 316719.47
... A94: Szavazat / 93 | B94: =B$2/$E94 -> 51083.785 | C94: =C$2/$E94 -> 7569.6237 | D94: =D$2/$E94 -> 47744.452 | E94: 93 | H94: 93 | I94: =IF(COUNTIF($B$2:$B$94,K94)>0,"TISZA",IF(COUNTIF($C$2:$C$94,K94)>0,"Mi Hazánk","FIDESZ-KDNP")) -> TISZA | J94: =IF(I94="TISZA",$B$2/K94,IF(I94="Mi Hazánk",$C$2/K94,$D$2/K94)) -> 45 | K94: =LARGE($B$2:$D$94,H94) -> 105573.16

Sheet Level-Nelkul
A1: Szám | B1: TISZA | C1: Mi Hazánk | D1: FIDESZ-KDNP | H1: Helyezés | I1: Párt | J1: Osztó | K1: Hányados | M1: Párt | N1: Mandátum
A2: Szavazat / 1 | B2: ='V2026'!B2-46482 -> 4704310 | C2: ='V2026'!C2-5210 -> 698765 | D2: ='V2026'!D2-282028 -> 4158206 | E2: 1 | H2: 1 | I2: =IF(COUNTIF($B$2:$B$94,K2)>0,"TISZA",IF(COUNTIF($C$2:$C$94,K2)>0,"Mi Hazánk","FIDESZ-KDNP")) -> TISZA | J2: =IF(I2="TISZA",$B$2/K2,IF(I2="Mi Hazánk",$C$2/K2,$D$2/K2)) -> 1 | K2: =LARGE($B$2:$D$94,H2) -> 4704310 | M2: TISZA | N2: =COUNTIF($I$2:$I$94,M2) -> 46
A3: Szavazat / 2 | B3: =B$2/$E3 -> 2352155 | C3: =C$2/$E3 -> 349382.5 | D3: =D$2/$E3 -> 2079103 | E3: 2 | H3: 2 | I3: =IF(COUNTIF($B$2:$B$94,K3)>0,"TISZA",IF(COUNTIF($C$2:$C$94,K3)>0,"Mi Hazánk","FIDESZ-KDNP")) -> FIDESZ-KDNP | J3: =IF(I3="TISZA",$B$2/K3,IF(I3="Mi Hazánk",$C$2/K3,$D$2/K3)) -> 1 | K3: =LARGE($B$2:$D$94,H3) -> 4158206 | M3: Mi Hazánk | N3: =COUNTIF($I$2:$I$94,M3) -> 6
A4: Szavazat / 3 | B4: =B$2/$E4 -> 1568103.3 | C4: =C$2/$E4 -> 232921.67 | D4: =D$2/$E4 -> 1386068.7 | E4: 3 | H4: 3 | I4: =IF(COUNTIF($B$2:$B$94,K4)>0,"TISZA",IF(COUNTIF($C$2:$C$94,K4)>0,"Mi Hazánk","FIDESZ-KDNP")) -> TISZA | J4: =IF(I4="TISZA",$B$2/K4,IF(I4="Mi Hazánk",$C$2/K4,$D$2/K4)) -> 2 | K4: =LARGE($B$2:$D$94,H4) -> 2352155 | M4: FIDESZ-KDNP | N4: =COUNTIF($I$2:$I$94,M4) -> 41
A5: Szavazat / 4 | B5: =B$2/$E5 -> 1176077.5 | C5: =C$2/$E5 -> 174691.25 | D5: =D$2/$E5 -> 1039551.5 | E5: 4 | H5: 4 | I5: =IF(COUNTIF($B$2:$B$94,K5)>0,"TISZA",IF(COUNTIF($C$2:$C$94,K5)>0,"Mi Hazánk","FIDESZ-KDNP")) -> FIDESZ-KDNP | J5: =IF(I5="TISZA",$B$2/K5,IF(I5="Mi Hazánk",$C$2/K5,$D$2/K5)) -> 2 | K5: =LARGE($B$2:$D$94,H5) -> 2079103 | M5: Összesen | N5: =SUM(N2:N4) -> 93
A6: Szavazat / 5 | B6: =B$2/$E6 -> 940862 | C6: =C$2/$E6 -> 139753 | D6: =D$2/$E6 -> 831641.2 | E6: 5 | H6: 5 | I6: =IF(COUNTIF($B$2:$B$94,K6)>0,"TISZA",IF(COUNTIF($C$2:$C$94,K6)>0,"Mi Hazánk","FIDESZ-KDNP")) -> TISZA | J6: =IF(I6="TISZA",$B$2/K6,IF(I6="Mi Hazánk",$C$2/K6,$D$2/K6)) -> 3 | K6: =LARGE($B$2:$D$94,H6) -> 1568103.3
A7: Szavazat / 6 | B7: =B$2/$E7 -> 784051.67 | C7: =C$2/$E7 -> 116460.83 | D7: =D$2/$E7 -> 693034.33 | E7: 6 | H7: 6 | I7: =IF(COUNTIF($B$2:$B$94,K7)>0,"TISZA",IF(COUNTIF($C$2:$C$94,K7)>0,"Mi Hazánk","FIDESZ-KDNP")) -> FIDESZ-KDNP | J7: =IF(I7="TISZA",$B$2/K7,IF(I7="Mi Hazánk",$C$2/K7,$D$2/K7)) -> 3 | K7: =LARGE($B$2:$D$94,H7) -> 1386068.7
A8: Szavazat / 7 | B8: =B$2/$E8 -> 672044.29 | C8: =C$2/$E8 -> 99823.571 | D8: =D$2/$E8 -> 594029.43 | E8: 7 | H8: 7 | I8: =IF(COUNTIF($B$2:$B$94,K8)>0,"TISZA",IF(COUNTIF($C$2:$C$94,K8)>0,"Mi Hazánk","FIDESZ-KDNP")) -> TISZA | J8: =IF(I8="TISZA",$B$2/K8,IF(I8="Mi Hazánk",$C$2/K8,$D$2/K8)) -> 4 | K8: =LARGE($B$2:$D$94,H8) -> 1176077.5
A9: Szavazat / 8 | B9: =B$2/$E9 -> 588038.75 | C9: =C$2/$E9 -> 87345.625 | D9: =D$2/$E9 -> 519775.75 | E9: 8 | H9: 8 | I9: =IF(COUNTIF($B$2:$B$94,K9)>0,"TISZA",IF(COUNTIF($C$2:$C$94,K9)>0,"Mi Hazánk","FIDESZ-KDNP")) -> FIDESZ-KDNP | J9: =IF(I9="TISZA",$B$2/K9,IF(I9="Mi Hazánk",$C$2/K9,$D$2/K9)) -> 4 | K9: =LARGE($B$2:$D$94,H9) -> 1039551.5
A10: Szavazat / 9 | B10: =B$2/$E10 -> 522701.11 | C10: =C$2/$E10 -> 77640.556 | D10: =D$2/$E10 -> 462022.89 | E10: 9 | H10: 9 | I10: =IF(COUNTIF($B$2:$B$94,K10)>0,"TISZA",IF(COUNTIF($C$2:$C$94,K10)>0,"Mi Hazánk","FIDESZ-KDNP")) -> TISZA | J10: =IF(I10="TISZA",$B$2/K10,IF(I10="Mi Hazánk",$C$2/K10,$D$2/K10)) -> 5 | K10: =LARGE($B$2:$D$94,H10) -> 940862
A11: Szavazat / 10 | B11: =B$2/$E11 -> 470431 | C11: =C$2/$E11 -> 69876.5 | D11: =D$2/$E11 -> 415820.6 | E11: 10 | H11: 10 | I11: =IF(COUNTIF($B$2:$B$94,K11)>0,"TISZA",IF(COUNTIF($C$2:$C$94,K11)>0,"Mi Hazánk","FIDESZ-KDNP")) -> FIDESZ-KDNP | J11: =IF(I11="TISZA",$B$2/K11,IF(I11="Mi Hazánk",$C$2/K11,$D$2/K11)) -> 5 | K11: =LARGE($B$2:$D$94,H11) -> 831641.2
A12: Szavazat / 11 | B12: =B$2/$E12 -> 427664.55 | C12: =C$2/$E12 -> 63524.091 | D12: =D$2/$E12 -> 378018.73 | E12: 11 | H12: 11 | I12: =IF(COUNTIF($B$2:$B$94,K12)>0,"TISZA",IF(COUNTIF($C$2:$C$94,K12)>0,"Mi Hazánk","FIDESZ-KDNP")) -> TISZA | J12: =IF(I12="TISZA",$B$2/K12,IF(I12="Mi Hazánk",$C$2/K12,$D$2/K12)) -> 6 | K12: =LARGE($B$2:$D$94,H12) -> 784051.67
A13: Szavazat / 12 | B13: =B$2/$E13 -> 392025.83 | C13: =C$2/$E13 -> 58230.417 | D13: =D$2/$E13 -> 346517.17 | E13: 12 | H13: 12 | I13: =IF(COUNTIF($B$2:$B$94,K13)>0,"TISZA",IF(COUNTIF($C$2:$C$94,K13)>0,"Mi Hazánk","FIDESZ-KDNP")) -> Mi Hazánk | J13: =IF(I13="TISZA",$B$2/K13,IF(I13="Mi Hazánk",$C$2/K13,$D$2/K13)) -> 1 | K13: =LARGE($B$2:$D$94,H13) -> 698765
A14: Szavazat / 13 | B14: =B$2/$E14 -> 361870 | C14: =C$2/$E14 -> 53751.154 | D14: =D$2/$E14 -> 319862 | E14: 13 | H14: 13 | I14: =IF(COUNTIF($B$2:$B$94,K14)>0,"TISZA",IF(COUNTIF($C$2:$C$94,K14)>0,"Mi Hazánk","FIDESZ-KDNP")) -> FIDESZ-KDNP | J14: =IF(I14="TISZA",$B$2/K14,IF(I14="Mi Hazánk",$C$2/K14,$D$2/K14)) -> 6 | K14: =LARGE($B$2:$D$94,H14) -> 693034.33
A15: Szavazat / 14 | B15: =B$2/$E15 -> 336022.14 | C15: =C$2/$E15 -> 49911.786 | D15: =D$2/$E15 -> 297014.71 | E15: 14 | H15: 14 | I15: =IF(COUNTIF($B$2:$B$94,K15)>0,"TISZA",IF(COUNTIF($C$2:$C$94,K15)>0,"Mi Hazánk","FIDESZ-KDNP")) -> TISZA | J15: =IF(I15="TISZA",$B$2/K15,IF(I15="Mi Hazánk",$C$2/K15,$D$2/K15)) -> 7 | K15: =LARGE($B$2:$D$94,H15) -> 672044.29
A16: Szavazat / 15 | B16: =B$2/$E16 -> 313620.67 | C16: =C$2/$E16 -> 46584.333 | D16: =D$2/$E16 -> 277213.73 | E16: 15 | H16: 15 | I16: =IF(COUNTIF($B$2:$B$94,K16)>0,"TISZA",IF(COUNTIF($C$2:$C$94,K16)>0,"Mi Hazánk","FIDESZ-KDNP")) -> FIDESZ-KDNP | J16: =IF(I16="TISZA",$B$2/K16,IF(I16="Mi Hazánk",$C$2/K16,$D$2/K16)) -> 7 | K16: =LARGE($B$2:$D$94,H16) -> 594029.43
A17: Szavazat / 16 | B17: =B$2/$E17 -> 294019.38 | C17: =C$2/$E17 -> 43672.812 | D17: =D$2/$E17 -> 259887.88 | E17: 16 | H17: 16 | I17: =IF(COUNTIF($B$2:$B$94,K17)>0,"TISZA",IF(COUNTIF($C$2:$C$94,K17)>0,"Mi Hazánk","FIDESZ-KDNP")) -> TISZA | J17: =IF(I17="TISZA",$B$2/K17,IF(I17="Mi Hazánk",$C$2/K17,$D$2/K17)) -> 8 | K17: =LARGE($B$2:$D$94,H17) -> 588038.75
... A94: Szavazat / 93 | B94: =B$2/$E94 -> 50583.978 | C94: =C$2/$E94 -> 7513.6022 | D94: =D$2/$E94 -> 44711.892 | E94: 93 | H94: 93 | I94: =IF(COUNTIF($B$2:$B$94,K94)>0,"TISZA",IF(COUNTIF($C$2:$C$94,K94)>0,"Mi Hazánk","FIDESZ-KDNP")) -> FIDESZ-KDNP | J94: =IF(I94="TISZA",$B$2/K94,IF(I94="Mi Hazánk",$C$2/K94,$D$2/K94)) -> 41 | K94: =LARGE($B$2:$D$94,H94) -> 101419.66

Sheet Tisztan-Lista
A1: Szám | B1: TISZA | C1: Mi Hazánk | D1: FIDESZ-KDNP | H1: Helyezés | I1: Párt | J1: Osztó | K1: Hányados | M1: Párt | N1: Mandátum
A2: Szavazat / 1 | B2: 3385890 | C2: 358372 | D2: 2458337 | E2: 1 | H2: 1 | I2: =IF(COUNTIF($B$2:$B$200,K2)>0,"TISZA",IF(COUNTIF($C$2:$C$200,K2)>0,"Mi Hazánk","FIDESZ-KDNP")) -> TISZA | J2: =IF(I2="TISZA",$B$2/K2,IF(I2="Mi Hazánk",$C$2/K2,$D$2/K2)) -> 1 | K2: =LARGE($B$2:$D$200,H2) -> 3385890 | M2: TISZA | N2: =COUNTIF($I$2:$I$200,M2) -> 109
A3: Szavazat / 2 | B3: =B$2/$E3 -> 1692945 | C3: =C$2/$E3 -> 179186 | D3: =D$2/$E3 -> 1229168.5 | E3: 2 | H3: 2 | I3: =IF(COUNTIF($B$2:$B$200,K3)>0,"TISZA",IF(COUNTIF($C$2:$C$200,K3)>0,"Mi Hazánk","FIDESZ-KDNP")) -> FIDESZ-KDNP | J3: =IF(I3="TISZA",$B$2/K3,IF(I3="Mi Hazánk",$C$2/K3,$D$2/K3)) -> 1 | K3: =LARGE($B$2:$D$200,H3) -> 2458337 | M3: Mi Hazánk | N3: =COUNTIF($I$2:$I$200,M3) -> 11
A4: Szavazat / 3 | B4: =B$2/$E4 -> 1128630 | C4: =C$2/$E4 -> 119457.33 | D4: =D$2/$E4 -> 819445.67 | E4: 3 | H4: 3 | I4: =IF(COUNTIF($B$2:$B$200,K4)>0,"TISZA",IF(COUNTIF($C$2:$C$200,K4)>0,"Mi Hazánk","FIDESZ-KDNP")) -> TISZA | J4: =IF(I4="TISZA",$B$2/K4,IF(I4="Mi Hazánk",$C$2/K4,$D$2/K4)) -> 2 | K4: =LARGE($B$2:$D$200,H4) -> 1692945 | M4: FIDESZ-KDNP | N4: =COUNTIF($I$2:$I$200,M4) -> 79
A5: Szavazat / 4 | B5: =B$2/$E5 -> 846472.5 | C5: =C$2/$E5 -> 89593 | D5: =D$2/$E5 -> 614584.25 | E5: 4 | H5: 4 | I5: =IF(COUNTIF($B$2:$B$200,K5)>0,"TISZA",IF(COUNTIF($C$2:$C$200,K5)>0,"Mi Hazánk","FIDESZ-KDNP")) -> FIDESZ-KDNP | J5: =IF(I5="TISZA",$B$2/K5,IF(I5="Mi Hazánk",$C$2/K5,$D$2/K5)) -> 2 | K5: =LARGE($B$2:$D$200,H5) -> 1229168.5 | M5: Összesen | N5: =SUM(N2:N4) -> 199
A6: Szavazat / 5 | B6: =B$2/$E6 -> 677178 | C6: =C$2/$E6 -> 71674.4 | D6: =D$2/$E6 -> 491667.4 | E6: 5 | H6: 5 | I6: =IF(COUNTIF($B$2:$B$200,K6)>0,"TISZA",IF(COUNTIF($C$2:$C$200,K6)>0,"Mi Hazánk","FIDESZ-KDNP")) -> TISZA | J6: =IF(I6="TISZA",$B$2/K6,IF(I6="Mi Hazánk",$C$2/K6,$D$2/K6)) -> 3 | K6: =LARGE($B$2:$D$200,H6) -> 1128630 | M6: Végeredmény
A7: Szavazat / 6 | B7: =B$2/$E7 -> 564315 | C7: =C$2/$E7 -> 59728.667 | D7: =D$2/$E7 -> 409722.83 | E7: 6 | H7: 6 | I7: =IF(COUNTIF($B$2:$B$200,K7)>0,"TISZA",IF(COUNTIF($C$2:$C$200,K7)>0,"Mi Hazánk","FIDESZ-KDNP")) -> TISZA | J7: =IF(I7="TISZA",$B$2/K7,IF(I7="Mi Hazánk",$C$2/K7,$D$2/K7)) -> 4 | K7: =LARGE($B$2:$D$200,H7) -> 846472.5
A8: Szavazat / 7 | B8: =B$2/$E8 -> 483698.57 | C8: =C$2/$E8 -> 51196 | D8: =D$2/$E8 -> 351191 | E8: 7 | H8: 7 | I8: =IF(COUNTIF($B$2:$B$200,K8)>0,"TISZA",IF(COUNTIF($C$2:$C$200,K8)>0,"Mi Hazánk","FIDESZ-KDNP")) -> FIDESZ-KDNP | J8: =IF(I8="TISZA",$B$2/K8,IF(I8="Mi Hazánk",$C$2/K8,$D$2/K8)) -> 3 | K8: =LARGE($B$2:$D$200,H8) -> 819445.67
A9: Szavazat / 8 | B9: =B$2/$E9 -> 423236.25 | C9: =C$2/$E9 -> 44796.5 | D9: =D$2/$E9 -> 307292.12 | E9: 8 | H9: 8 | I9: =IF(COUNTIF($B$2:$B$200,K9)>0,"TISZA",IF(COUNTIF($C$2:$C$200,K9)>0,"Mi Hazánk","FIDESZ-KDNP")) -> TISZA | J9: =IF(I9="TISZA",$B$2/K9,IF(I9="Mi Hazánk",$C$2/K9,$D$2/K9)) -> 5 | K9: =LARGE($B$2:$D$200,H9) -> 677178
A10: Szavazat / 9 | B10: =B$2/$E10 -> 376210 | C10: =C$2/$E10 -> 39819.111 | D10: =D$2/$E10 -> 273148.56 | E10: 9 | H10: 9 | I10: =IF(COUNTIF($B$2:$B$200,K10)>0,"TISZA",IF(COUNTIF($C$2:$C$200,K10)>0,"Mi Hazánk","FIDESZ-KDNP")) -> FIDESZ-KDNP | J10: =IF(I10="TISZA",$B$2/K10,IF(I10="Mi Hazánk",$C$2/K10,$D$2/K10)) -> 4 | K10: =LARGE($B$2:$D$200,H10) -> 614584.25
A11: Szavazat / 10 | B11: =B$2/$E11 -> 338589 | C11: =C$2/$E11 -> 35837.2 | D11: =D$2/$E11 -> 245833.7 | E11: 10 | H11: 10 | I11: =IF(COUNTIF($B$2:$B$200,K11)>0,"TISZA",IF(COUNTIF($C$2:$C$200,K11)>0,"Mi Hazánk","FIDESZ-KDNP")) -> TISZA | J11: =IF(I11="TISZA",$B$2/K11,IF(I11="Mi Hazánk",$C$2/K11,$D$2/K11)) -> 6 | K11: =LARGE($B$2:$D$200,H11) -> 564315
A12: Szavazat / 11 | B12: =B$2/$E12 -> 307808.18 | C12: =C$2/$E12 -> 32579.273 | D12: =D$2/$E12 -> 223485.18 | E12: 11 | H12: 11 | I12: =IF(COUNTIF($B$2:$B$200,K12)>0,"TISZA",IF(COUNTIF($C$2:$C$200,K12)>0,"Mi Hazánk","FIDESZ-KDNP")) -> FIDESZ-KDNP | J12: =IF(I12="TISZA",$B$2/K12,IF(I12="Mi Hazánk",$C$2/K12,$D$2/K12)) -> 5 | K12: =LARGE($B$2:$D$200,H12) -> 491667.4
A13: Szavazat / 12 | B13: =B$2/$E13 -> 282157.5 | C13: =C$2/$E13 -> 29864.333 | D13: =D$2/$E13 -> 204861.42 | E13: 12 | H13: 12 | I13: =IF(COUNTIF($B$2:$B$200,K13)>0,"TISZA",IF(COUNTIF($C$2:$C$200,K13)>0,"Mi Hazánk","FIDESZ-KDNP")) -> TISZA | J13: =IF(I13="TISZA",$B$2/K13,IF(I13="Mi Hazánk",$C$2/K13,$D$2/K13)) -> 7 | K13: =LARGE($B$2:$D$200,H13) -> 483698.57
A14: Szavazat / 13 | B14: =B$2/$E14 -> 260453.08 | C14: =C$2/$E14 -> 27567.077 | D14: =D$2/$E14 -> 189102.85 | E14: 13 | H14: 13 | I14: =IF(COUNTIF($B$2:$B$200,K14)>0,"TISZA",IF(COUNTIF($C$2:$C$200,K14)>0,"Mi Hazánk","FIDESZ-KDNP")) -> TISZA | J14: =IF(I14="TISZA",$B$2/K14,IF(I14="Mi Hazánk",$C$2/K14,$D$2/K14)) -> 8 | K14: =LARGE($B$2:$D$200,H14) -> 423236.25
A15: Szavazat / 14 | B15: =B$2/$E15 -> 241849.29 | C15: =C$2/$E15 -> 25598 | D15: =D$2/$E15 -> 175595.5 | E15: 14 | H15: 14 | I15: =IF(COUNTIF($B$2:$B$200,K15)>0,"TISZA",IF(COUNTIF($C$2:$C$200,K15)>0,"Mi Hazánk","FIDESZ-KDNP")) -> FIDESZ-KDNP | J15: =IF(I15="TISZA",$B$2/K15,IF(I15="Mi Hazánk",$C$2/K15,$D$2/K15)) -> 6 | K15: =LARGE($B$2:$D$200,H15) -> 409722.83
A16: Szavazat / 15 | B16: =B$2/$E16 -> 225726 | C16: =C$2/$E16 -> 23891.467 | D16: =D$2/$E16 -> 163889.13 | E16: 15 | H16: 15 | I16: =IF(COUNTIF($B$2:$B$200,K16)>0,"TISZA",IF(COUNTIF($C$2:$C$200,K16)>0,"Mi Hazánk","FIDESZ-KDNP")) -> TISZA | J16: =IF(I16="TISZA",$B$2/K16,IF(I16="Mi Hazánk",$C$2/K16,$D$2/K16)) -> 9 | K16: =LARGE($B$2:$D$200,H16) -> 376210
A17: Szavazat / 16 | B17: =B$2/$E17 -> 211618.12 | C17: =C$2/$E17 -> 22398.25 | D17: =D$2/$E17 -> 153646.06 | E17: 16 | H17: 16 | I17: =IF(COUNTIF($B$2:$B$200,K17)>0,"TISZA",IF(COUNTIF($C$2:$C$200,K17)>0,"Mi Hazánk","FIDESZ-KDNP")) -> Mi Hazánk | J17: =IF(I17="TISZA",$B$2/K17,IF(I17="Mi Hazánk",$C$2/K17,$D$2/K17)) -> 1 | K17: =LARGE($B$2:$D$200,H17) -> 358372
A18: Szavazat / 17 | B18: =B$2/$E18 -> 199170 | C18: =C$2/$E18 -> 21080.706 | D18: =D$2/$E18 -> 144608.06 | E18: 17 | H18: 17 | I18: =IF(COUNTIF($B$2:$B$200,K18)>0,"TISZA",IF(COUNTIF($C$2:$C$200,K18)>0,"Mi Hazánk","FIDESZ-KDNP")) -> FIDESZ-KDNP | J18: =IF(I18="TISZA",$B$2/K18,IF(I18="Mi Hazánk",$C$2/K18,$D$2/K18)) -> 7 | K18: =LARGE($B$2:$D$200,H18) -> 351191
... A200: Szavazat / 199 | B200: =B$2/$E200 -> 17014.523 | C200: =C$2/$E200 -> 1800.8643 | D200: =D$2/$E200 -> 12353.452 | E200: 199 | H200: 199 | I200: =IF(COUNTIF($B$2:$B$200,K200)>0,"TISZA",IF(COUNTIF($C$2:$C$200,K200)>0,"Mi Hazánk","FIDESZ-KDNP")) -> TISZA | J200: =IF(I200="TISZA",$B$2/K200,IF(I200="Mi Hazánk",$C$2/K200,$D$2/K200)) -> 109 | K200: =LARGE($B$2:$D$200,H200) -> 31063.211
